1	15006	Maybach 57  Top 2-farbig silber, sehr gepflegt neuwertig	5	0	ro: Maybach 57 Top 2-culoare argintiu, foarte bine întreținut, aproape nou || en: Maybach 57 Top Two-tone Silver, Very Well Maintained Nearly New || fr: Maybach 57, Deux tons argent, très bien entretenu, comme neuf || it: Maybach 57 Top bicolore argento, molto curato, come nuovo || cs: Maybach 57, Top zweifarbiger Silber, sehr gepflegt, neuwertig
1	33150	Aston Martin V12 Vantage S  *S*NEW Service*German delivery*	5	0	ro: Aston Martin V12 Vantage S *Garanție* 05/2025 *Livrare germană* || en: Aston Martin V12 Vantage S *S* Warranty until 05/2025 *German delivery || fr: Aston Martin V12 Vantage S *S* Garantie 05/2025* Livraison allemande || it: Aston Martin V12 Vantage S  *S*Warranty 05/2025*German deliv. || cs: Aston Martin V12 Vantage S *S* Záruka 05/2025 *Doprava v Německu
1	35648	Ferrari 458 Spider - Individual -Service neu	11	0	de: Ferrari 458 Spider - Individual -Bestzustand || en: Ferrari 458 Spider - Custom - Excellent Condition || fr: Ferrari 458 Spider - Unique - État optimal || it: Ferrari 458 Spider - Unico - Perfette condizioni || tr: Ferrari 458 Spider - Bireysel - En İyi Durum || ja: フェラーリ 458 スパイダー - 個性的 - 最良の状態 || cs: Ferrari 458 Spider - Individuál - Perfektní stav || ru: Ferrari 458 Spider - Индивидуальный - Лучшее состояние || es: Ferrari 458 Spider - Único - En perfectas condiciones || nl: Ferrari 458 Spider - Uniek - In perfecte staat || pl: Ferrari 458 Spider - Unikat - W doskonałym stanie
1	35940	Ferrari 296 GTB Carbon in/out+Rims Lift AFS 1.Hd 404T€LP	5	0	ro: Ferrari 296 GTB Carbon în interior/exterior + Rims Lift AFS Daytona 1.Hd || en: Ferrari 296 GTB Carbon Inside & Out+Rims Lift AFS Daytona 1.Hd || fr: Ferrari 296 GTB Carbone intérieur/extérieur + Rims, levier de levage AFS Daytona 1.Hd || it: Ferrari 296 GTB Carbon inside/out+Cerchi Lift AFS Daytona 1.Hd || cs: Ferrari 296 GTB Carbon in/out+Rims Lift AFS Daytona 1.Hd
1	36039	Porsche 911 Carrera G50 Cabr., deutsch und Erstlack!	5	0	ro: Porsche 911 Carrera G50 Cabrio, original roșu și cu vopsea originală! || en: Porsche 911 Carrera G50 Cabriolet, German and Original Paint! || fr: Porsche 911 Carrera G50 Cabrio, allemand et en peinture d'origine! || it: Porsche 911 Carrera G50 Cabrio, originale verniciatura tedesca e prima verno! || cs: Porsche 911 Carrera G50 Cabrio, německá a původní lak!
1	36070	MINI COOPER S COUNTRYMAN ALL4*LED*NAVI*PAN*XE*WORKS*	11	0	de: Porsche 911 GT3 - Spezialedition || en: Porsche 911 GT3 - Special Edition || fr: Porsche 911 GT3 - Édition Spéciale || it: Porsche 911 GT3 - Edizione Speciale || tr: Porsche 911 GT3 - Özel Seri || ja: ポルシェ 911 GT3 - スペシャルエディション || cs: Porsche 911 GT3 - Speciální edice || ru: Porsche 911 GT3 - Специальное Издание || es: Porsche 911 GT3 - Edición Especial || nl: Porsche 911 GT3 - Special Edition || pl: Porsche 911 GT3 - Edycja specjalna
1	36073	Volvo XC90 Inscription Expression Recharge Plug-In Hyb	11	0	de: Audi S3 8v Limousine mit Guter Ausstattung || en: Audi S3 8v Sedan with Excellent Equipment || fr: Audi S3 8v Berline avec bonne équipement || it: Audi S3 8v Limousine con Buona Dotazione || tr: Audi S3 8v Sedan, İyi Donanımlı || ja: アウディ S3 8v セダン 充実した装備 || cs: Audi S3 8v limuzína s dobrým vybavením || ru: Audi S3 8V Лимузин с хорошей комплектацией || es: Audi S3 8v Sedan con buen equipamiento || nl: Audi S3 8v Limousine met Goede Uitrusting || pl: Audi S3 8V Limuzyna z Dobrym Wyposażeniem
1	36074	Mercedes-Benz PULMAN S 650 Mercedes-Maybach S 650 Pulman	11	0	de: Bugatti Super || en: Bugatti Super || fr: Bugatti Super || it: Bugatti Super || tr: Bugatti Süper || ja: ブガッティスーパー || cs: Bugatti Super || ru: Bugatti Super || es: Bugatti Super || nl: Bugatti Super || pl: Bugatti Super
1	38558	Porsche 993 C2 Cabriolet 272PS | Porsche Scheckh | BRD	11	0	de: Porsche 993 C2 Cabriolet 272PS | Porsche Scheckheft || en: Porsche 993 C2 Cabriolet 272PS | Porsche Service Book || fr: Porsche 993 C2 Cabriolet 272PS | Carnet d'entretien Porsche || it: Porsche 993 C2 Cabriolet 272PS | Porsche libretto di manutenzione || tr: Porsche 993 C2 Cabriolet 272PS | Porsche Servis Defteri || ja: ポルシェ 993 C2 カブリオレ 272PS | ポルシェ点検記録 || cs: Porsche 993 C2 Cabriolet 272PS | Porsche servisní knížka || ru: Porsche 993 C2 кабриолет 272 л.с. | Сервисная книжка Porsche || es: Porsche 993 C2 Cabriolet 272PS | Libro de mantenimiento de Porsche || nl: Porsche 993 C2 Cabriolet 272PS | Porsche onderhoudsboekje || pl: Porsche 993 C2 Cabriolet 272KM | Książeczka serwisowa Porsche
1	38890	Limited Edition - Spyder V10 performance 5.2 FSI quattro S tronic 620 PS	11	0	de: Limited Edition - Audi R8 || en: Limited Edition - Audi R8 || fr: Édition Limitée - Audi R8 || it: Edizione Limitata - Audi R8 || tr: Sınırlı Üretim - Audi R8 || ja: 限定版 - アウディ R8 || cs: Limitovaná edice - Audi R8 || ru: Ограниченная серия - Audi R8 || es: Edición Limitada - Audi R8 || nl: Beperkte editie - Audi R8 || pl: Limitowana edycja - Audi R8
1	38929	Porsche 997 Turbo RUF RT600 | Approved 111 Pnkte	12	0	de: Porsche 997 Turbo RUF RT600 || en: Porsche 997 Turbo RUF RT600 || fr: Porsche 997 Turbo RUF RT600 || it: Porsche 997 Turbo RUF RT600 || tr: Porsche 997 Turbo RUF RT600 || ja: ポルシェ 997 ターボ RUF RT600 || cs: Porsche 997 Turbo RUF RT600 || ru: Porsche 997 Turbo RUF RT600 || es: Porsche 997 Turbo RUF RT600 || nl: Porsche 997 Turbo RUF RT600 || pl: Porsche 997 Turbo RUF RT600 || au: Porsche 997 Turbo RUF RT600
1	39575	Porsche Macan GTS Surround-View BOSE 21-Zoll Sportabgas	11	0	de: Porsche Macan GTS BOSE Sportabgas Luftfederung LED || en: Porsche Macan GTS BOSE Sport Exhaust Air Suspension LED || fr: Porsche Macan GTS BOSE Échappement sport Luftfederung LED || it: Porsche Macan GTS BOSE Sportabgas Luftfederung LED || tr: Porsche Macan GTS BOSE Spor egzoz Hava süspansiyonu LED || ja: ポルシェ マカン GTS BOSE スポーツ排気空気サスペンション LED || cs: Porsche Macan GTS BOSE Sportovní výfuková soustava vzduchové odpružení LED || ru: Porsche Macan GTS BOSE Спортивный выхлоп Воздушная подвеска LED || es: Porsche Macan GTS BOSE Escape deportivo, suspensión neumática, LED || nl: Porsche Macan GTS BOSE Sportuitlaat Luchtvering LED || pl: Porsche Macan GTS BOSE Sportowy układ wydechowy, zawieszenie pneumatyczne, LED
1	39638	Porsche Macan GTS Pano, GTS Paket	11	0	de: Porsche Macan GTS || en: Porsche Macan GTS || fr: Porsche Macan GTS || it: Porsche Macan GTS || tr: Porsche Macan GTS || ja: ポルシェ マカン GTS || cs: Porsche Macan GTS || ru: Porsche Macan GTS || es: Porsche Macan GTS || nl: Porsche Macan GTS || pl: Porsche Macan GTS
1	39641	Porsche Cayenne S E-Hybrid HA-Lenkung InnoDrive Head-Up	11	0	de: Porsche Cayenne S E-Hybrid || en: Porsche Cayenne S E-Hybrid || fr: Porsche Cayenne S E-Hybrid || it: Porsche Cayenne S E-Hybrid || tr: Porsche Cayenne S E-Hybrid || ja: ポルシェ カイエン S Eハイブリッド || cs: Porsche Cayenne S E-Hybrid || ru: Porsche Cayenne S E-Hybrid || es: Porsche Cayenne S E-Hybrid || nl: Porsche Cayenne S E-Hybrid || pl: Porsche Cayenne S E-Hybrid
1	39643	Porsche Cayenne S E-Hybrid InnoDrive Head-Up Soft-Close	11	0	de: Porsche Cayenne S E-Hybrid || en: Porsche Cayenne S E-Hybrid || fr: Porsche Cayenne S E-Hybrid || it: Porsche Cayenne S E-Hybrid || tr: Porsche Cayenne S E-Hybrid || ja: ポルシェ カイエン S Eハイブリッド || cs: Porsche Cayenne S E-Hybrid || ru: Porsche Cayenne S E-Hybrid || es: Porsche Cayenne S E-Hybrid || nl: Porsche Cayenne S E-Hybrid || pl: Porsche Cayenne S E-Hybrid
2	396610	 IWC Pocket Watch Taschenuhr Quartz Electronic Ref.3001 BJ.1970 </h1> 	11	0	de: Patek Philippe Aquanaut Chronograph Rose Gold New 2024 Ita || en: Patek Philippe Aquanaut Chronograph Rose Gold New 2024 Ita || fr: Patek Philippe Aquanaut Chronograph Or Rose Gold Neuf 2024 Ita || it: Patek Philippe Aquanaut Chronograph Rose Gold Nuovo 2024 Ita || tr: Patek Philippe Aquanaut Chronograph Pembe Altın Yeni 2024 Ita || ja: パテックフィリップ アクアノート クロノグラフ ローズゴールド 新2024 Ita || cs: Patek Philippe Aquanaut Chronograph růžové zlato novinka 2024 || ru: Patek Philippe Aquanaut Chronograph Rose Gold New 2024 Ita || es: Patek Philippe Aquanaut Cronógrafo Oro Rosa Nuevo 2024 Ita || nl: Patek Philippe Aquanaut Chronograph Rose Goud Nieuw 2024 Ita || pl: Patek Philippe Aquanaut Chronograph różowe złoto nowość 2024 Ita
2	396612	 Vacheron Constantin Platin Chronograph Historiques 	11	0	de: Rolex Datejust 31 || en: Rolex Datejust 31 || fr: Rolex Datejust 31 || it: Rolex Datejust 31 || tr: Rolex Datejust 31 || ja: ロレックス デイトジャスト 31 || cs: Rolex Datejust 31 || ru: Rolex Datejust 31 || es: Rolex Datejust 31 || nl: Rolex Datejust 31 || pl: Rolex Datejust 31
2	396621	 Ulysse Nardin Triple Calendar Ref.301-52 very rare </h1> 	11	0	de: Rolex Datejust 36 Jubilee Palm Dial 126234 Bj:2023 Neuwertig || en: Rolex Datejust 36 Jubilee Palm Dial 126234 Year: 2023 Excellent Condition || fr: Rolex Datejust 36 Jubilee Palm Dial 126234 Année 2023 Comme Neuf || it: Rolex Datejust 36 Jubilee Palm Dial 126234 Anno: 2023 Come Nuovo || tr: Rolex Datejust 36 Jubilee Palm Dial 126234 Yıl: 2023 Sıfır Durumda || ja: ロレックス Datejust 36 ジュビリー パームダイヤル 126234 年代：2023 新品同様 || cs: Rolex Datejust 36 Jubilee Palm Dial 126234 Rok: 2023 Večerní Hodinky Nové || ru: Rolex Datejust 36 Jubilee Palm Dial 126234 Год: 2023 В отличном состоянии || es: Rolex Datejust 36 Jubilee Palm Dial 126234 Año: 2023 Como Nuevo || nl: Rolex Datejust 36 Jubilee Palm Dial 126234 Bq:2023 Nieuwstaat || pl: Rolex Datejust 36 Jubilee Palm Dial 126234 Rok 2023 Nowy
2	433211	 IWC Fliegeruhr Chronograph Pilot Watch Chronograph Stainless Steel - 24 Months Warranty - IW3780 	11	0	de:  IWC Fliegeruhr Chronograph Pilot Watch Chronograph Stainless Steel - 24 Months Warranty IW3780  || en: IWC Pilot Watch Chronograph Stainless Steel - 24 Months Warranty IW3780 || fr: Montre d'Aviateur IWC Chronographe Montre de Pilote Chronograph en Acier Inoxydable - Garantie 24 Mois IW3780 || it: Orologio da Pilota IWC Chronograph Orologio Cronografo in Acciaio Inossidabile - Garanzia di 24 Mesi IW3780 || tr: IWC Pilot Saatlı Kronograf Pilot Watch Paslanmaz Çelik - 24 Ay Garantili IW3780 || ja: IWC パイロットウォッチ クロノグラフ ステンレススチール - 24ヶ月保証 IW3780 || cs: IWc Pilotní hodinky Chronograf Pilot Chronograph Nerezová ocel - Záruka 24 měsíců IW3780 || ru: IWC спортивные часы-хронограф для пилотов нержавеющая сталь - 24 месяца гарантии IW3780 || es: IWC Fliegeruhr Chronograph Pilot Uhr Edelstahl - 24 Monate Garantie IW3780 || nl: IWC Piloten Chronograaf Horloge Staal - 24 Maanden Garantie IW3780 || pl: IWC Pilot Chronograph Uhr Edelstahl - 24 Monate Garantie IW3780
2	433229	 Omega Speedmaster Professional Moonwatch 70's 	12	0	pt:  Omega Speedmaster Professional Moonwatch 145.022  || de: Omega Speedmaster Professional Moonwatch 145.022 || en: Omega Speedmaster Professional Moonwatch 145.022 || fr: Omega Speedmaster Professional Moonwatch 145.022 || it: Omega Speedmaster Professional Moonwatch 145.022 || tr: Omega Speedmaster Professional Ay Mızrağı 145.022 || ja: オメガ スピードマスター プロフェッショナル ムーンウォッチ 145.022 || cs: Omega Speedmaster Professional Moonwatch 145.022 || ru: Omega Speedmaster Professional Moonwatch 145.022 || es: Omega Speedmaster Professional Moonwatch 145.022 || nl: Omega Speedmaster Professional Moonwatch 145.022 || pl: Omega Speedmaster Professional Moonwatch 145.022
2	433292	 IWC ilot's Watch Chronograph 41 Green NEW FULL SET 	11	0	de:  IWC ilot's Watch Chronograph 41 NEW FULL SET  || en: IWC Pilot's Watch Chronograph 41 NEW FULL SET || fr: IWC Pilotenchronograph 41 NEU VOLLSTÄNDIGES SET || it: Orologio da pilota IWC Chronograph 41 NUOVO COMPLETO || tr: IWC Pilot'in Saat Saatli Kronograf 41 YENİ TAM SET || ja: IWCパイロットウォッチ クロノグラフ 41 新品フルセット || cs: IWC pilot's watch chronograph 41 NOVÉ PLNÉ SADA || ru: IWC пилотские часы хронограф 41 НОВЫЕ ВЕСЬ НАБОР || es: Reloj de piloto IWC Chronograph 41 NUEVO COMPLETO || nl: IWC Pilot's Watch Chronograph 41 NIEUW COMPLEET SET || pl: IWC Pilot's Watch Chronograph 41 NOWY ZESTAW KOMPLETNY
2	437411	 Rolex Submariner Date 40 bluesy Full Set 2016 LC Austria 	11	0	de:  Rolex Submariner Date 40 bluesy steel gold Full Set 2016 Austria  || en: Rolex Submariner Date 40 bluesy steel gold Full Set 2016 Austria || fr: Rolex Submariner Date 40 bluesy acier or Full Set 2016 Autriche || it: Rolex Submariner Date 40 bluesy acciaio oro Set completo 2016 Austria || tr: Rolex Submariner Date 40 bluesy çelik altın Tam Set 2016 Avusturya || ja: ロレックスサブマリーナデイト40ブルージースチールゴールドフルセット2016オーストリア || cs: Rolex Submariner Date 40 bluesy steel gold Kompletní sada 2016 Rakousko || ru: Rolex Submariner Date 40 bluesy steel gold Полный комплект 2016 Австрия || es: Rolex Submariner Date 40 bluesy acero oro Set completo 2016 Austria || nl: Rolex Submariner Date 40 bluesy staal goud Volledig set 2016 Oostenrijk || pl: Rolex Submariner Date 40 bluesy stal złoto pełny zestaw 2016 Austria
2	437491	 Jaeger-LeCoultre Reverso Duetto Medium 256.8.75 Edelstahl Diamanten Handaufzug Steel 	11	0	de:  Jaeger-LeCoultre Reverso Duetto Medium 256.8.75 Edelstahl Diamanten Handaufzug  || en: Jaeger-LeCoultre Reverso Duetto Medium 256.8.75 stainless steel diamond manual winding || fr: Jaeger-LeCoultre Reverso Duetto Medium 256.8.75 en acier inoxydable avec diamants, remontage manuel || it: Jaeger-LeCoultre Reverso Duetto Medium 256.8.75 acciaio inossidabile diamanti carica manuale || tr: Jaeger-LeCoultre Reverso Duetto Medium 256.8.75 paslanmaz çelik, el ile kurmalı, elmaslar || ja: ジャガー・ルクルト レベルソ デュエット ミディアム 256.8.75 ステンレススチール ダイヤモンド 手巻き || cs: Jaeger-LeCoultre Reverso Duetto Medium 256.8.75 nerezová ocel diamanty ruční natažení || ru: Jaeger-LeCoultre Reverso Duetto Medium 256.8.75 нержавеющая сталь, бриллианты, ручной завод || es: Jaeger-LeCoultre Reverso Duetto Medium 256.8.75 acero inoxidable diamantes cuerda manual || nl: Jaeger-LeCoultre Reverso Duetto Medium 256.8.75 roestvrij staal diamanten handopwinding || pl: Jaeger-LeCoultre Reverso Duetto Medium 256.8.75 stal nierdzewna diamenty ręczny
2	437492	 Patek Philippe Perpetual Calendar Grand Complications Perpetual Calendar 5159 Weissgold 750 2009 18kt White Gold 	11	0	de:  Patek Philippe Perpetual Calendar Grand Complications Perpetual Calendar 5159 Weissgold 750 2009  || en: Patek Philippe Perpetual Calendar Grand Complications Perpetual Calendar 5159 White Gold 750 2009 || fr: Patek Philippe Calendrier Perpétuel Grand Complications Calendrier Perpétuel 5159 Or blanc 750 2009 || it: Patek Philippe Calendario Perpetuo Grand Complications Calendario Perpetuo 5159 Oro bianco 750 2009 || tr: Patek Philippe Sürekli Takvim Grand Complications Sürekli Takvim 5159 Beyaz Altın 750 2009 || ja: パテック・フィリップ 永遠カレンダー グランドコンプリケーション 永遠カレンダー 5159 ホワイトゴールド 750 2009 || cs: Patek Philippe Perpetuální kalendář Grand Complications Perpetual Calendar 5159 bílé zlato 750 2009 || ru: Patek Philippe Perpetual Calendar Grand Complications Perpetual Calendar 5159 белое золото 750 2009 || es:  Patek Philippe Calendario Perpetuo Grand Complications Calendario Perpetuo 5159 Oro blanco 750 2009  || nl: Patek Philippe Perpetual Calendar Grand Complications Perpetual Calendar 5159 Witgoud 750 2009 || pl: Patek Philippe Perpetual Calendar Grand Complications Perpetual Calendar 5159 białe złoto 750 2009
2	437493	 Rolex Lady-Datejust 28mm 279173 Edelstahl Gelbgold 750 Diamanten Automatik Stainless Steel 18kt Yellow Gold Jubilé-band Chronometer Oyster 	11	0	de:  Rolex Lady-Datejust 28mm 279173 Edelstahl Gelbgold 750 Diamanten Automatik Gold  || en: Rolex Lady-Datejust 28mm 279173 stainless steel yellow gold 750 diamonds automatic gold || fr: Rolex Lady-Datejust 28mm 279173 acier inoxydable or jaune 750 diamants automatique or || it: Rolex Lady-Datejust 28mm 279173 acciaio inossidabile e oro giallo 750 diamanti automatico oro || tr: Rolex Lady-Datejust 28mm 279173 paslanmaz çelik sarı altın 750 elmas otomatik altın || ja: ロレックスレディースデイトジャスト28mm 279173 ステンレススチールイエローゴールド750 ダイヤモンド 自動巻き ゴールド || cs: Rolex Lady-Datejust 28mm 279173 nerezová ocel žluté zlato 750 diamantů automatika zlatá || ru: Rolex Lady-Datejust 28мм 279173 нержавеющая сталь, желтое золото 750, бриллианты, автоматический, золото || es: Rolex Lady-Datejust 28mm 279173 acero inoxidable y oro amarillo 750 diamantes automática oro || nl: Rolex Lady-Datejust 28mm 279173 roestvrij staal geelgoud 750 diamanten automatisch goud || pl: Rolex Lady-Datejust 28mm 279173 stal nierdzewna, żółte złoto 750, diamenty, automatyczny, złoto
2	437497	 Cartier Santos Galbée Edelstahl Gelbgold 750 W20011c4 Datum Stahl Steel 18kt Yellow Gold 	11	0	de:  Cartier Santos Galbée Edelstahl Gelbgold 750 W20011c4 Datum Stahl Gold  || en: Cartier Santos Galbée stainless steel yellow gold 750 W20011c4 date steel gold || fr: Cartier Santos Galbée en acier inoxydable et or jaune 750 W20011c4 Date acier or || it: Cartier Santos Galbée acciaio inossidabile oro giallo 750 W20011c4 data acciaio oro || tr: Cartier Santos Galbée Paslanmaz Çelik Sarı Altın 750 W20011c4 Tarih Çelik Altın || ja: カルティエ サントス ガルビー ステンレススチール イエローゴールド 750 W20011c4 日付 スチール ゴールド || cs: Cartier Santos Galbée nerezová ocel žluté zlato 750 W20011c4 datum ocel zlato || ru: Cartier Santos Galbée из нержавеющей стали с желтым золотом 750 W20011c4 дата сталь золото || es: Cartier Santos Galbée acero inoxidable oro amarillo 750 W20011c4 fecha acero oro || nl: Cartier Santos Galbée roestvrij staal geelgoud 750 W20011c4 Datum staal goud || pl: Cartier Santos Galbée ze stali nierdzewnej z żółtym złotem 750 W20011c4 Data stal złoto
2	437648	 Rolex Daytona Black Ceramic White Gold Oysterflex 126519LN NEW '26 	11	0	de: Rolex Daytona Schwarz Keramik Weißgold Oysterflex 126519LN NEU || en:  Rolex Daytona Black Ceramic White Gold Oysterflex 126519LN NEW  || fr: Rolex Daytona céramique noire or blanc Oysterflex 126519LN NEUF || it: Rolex Daytona Ceramica Nera Oro Bianco Oysterflex 126519LN NUOVO || tr: Rolex Daytona Siyah Seramik Beyaz Altın Oysterflex 126519LN YENİ || ja: ロレックスデイトナブラックセラミックホワイトゴールドオイスターフレックス126519LN新品 || cs: Rolex Daytona Černá keramika, bílé zlato, Oysterflex 126519LN NOVÉ || ru: Rolex Daytona Black Ceramic White Gold Oysterflex 126519LN НОВЫЙ || es: Rolex Daytona Cerámica Negra Oro Blanco Oysterflex 126519LN NUEVO || nl: Rolex Daytona Zwart Keramiek Wit Goud Oysterflex 126519LN NIEUW || pl: Rolex Daytona Czarna Ceramika Biała Złoto Oysterflex 126519LN NOWE
2	437989	 Doxa Sub 200 mini Seamaid 	11	0	de: Doxa Sub 200 mini || en:  Doxa Sub 200 mini  || fr: Doxa Sub 200 mini || it: Doxa Sub 200 mini || tr: Doxa Sub 200 mini || ja: Doxa Sub 200 mini || cs: Doxa Sub 200 mini || ru: Doxa Sub 200 mini || es: Doxa Sub 200 mini || nl: Doxa Sub 200 mini || pl: Doxa Sub 200 mini
2	438258	 Tudor Black Bay Heritage Full Set//Ref.79220R//LC100//2017//# 782 	5	0	de:  Tudor Black Bay Heritage Full Set//Ref.79220R//LC100//2017//#  || en: Tudor Black Bay Heritage Full Set//Ref.79220R//LC100//2017//#  || fr: Tudor Black Bay Heritage Ensemble complet//Ref.79220R//LC100//2017//#  || it: Tudor Black Bay Heritage Set Completo//Ref.79220R//LC100//2017//#  || tr: Tudor Black Bay Heritage Tam Set//Ref.79220R//LC100//2017//# 
2	438402	 Rolex Day-Date 40 40mm Presidente Ouro Branco Olive Green Automático Completo 	12	0	pt:  Rolex Day-Date 40 Presidente Ouro Branco Olive Green Automático Completo  || de: Rolex Day-Date 40 Presidente Weißgold Olivgrün Automatik Vollständig || en: Rolex Day-Date 40 President White Gold Olive Green Automatic Complete || fr: Rolex Day-Date 40 Président Or Blanc Olive Vert Automatique Complet || it: Rolex Day-Date 40 Presidente Oro Bianco Verde Oliva Automatico Completo || tr: Rolex Day-Date 40 Başkan Altın Beyaz Zeytin Yeşili Otomatik Tam || ja: ロレックス デイデイト 40 プレジデント ホワイトゴールド オリーブグリーン 自動巻 完全装備 || cs: Rolex Day-Date 40 Presidente bílý zlatý olivově zelený automatický plně vybavený || ru: Rolex Day-Date 40 Президентский Белое Золото Оливково-зеленый Автомат Полностью || es: Rolex Day-Date 40 Presidente Oro Blanco Verde Oliva Automático Completo || nl: Rolex Day-Date 40 Presidente Wit Goud Olijf Groen Automatisch Compleet || pl: Rolex Day-Date 40 Presidente Biały Złoto Oliwkowa Zielona Automatyczny Kompletny
2	438403	 Rolex Day-Date 36 36mm Presidente Yellow Gold Automático Completo 	12	0	pt:  Rolex Day-Date 36 Presidente Yellow Gold Automático Completo  || de: Rolex Day-Date 36 Presidente Gelbgold Automatik Komplett || en: Rolex Day-Date 36 President Yellow Gold Automatic Complete || fr: Rolex Day-Date 36 Président Or Jaune Automatique Complet || it: Rolex Day-Date 36 Presidente Oro Giallo Automatico Completo || tr: Rolex Day-Date 36 Presidente Sarı Altın Otomatik Tam || ja: ロレックス デイデイト 36 プレステデンテ イエローゴールド 自動巻 完全品 || cs: Rolex Day-Date 36 Presidente žluté zlato Automatický plně vybavený || ru: Rolex Day-Date 36 Президентский из желтого золота автоматический полный || es: Rolex Day-Date 36 Presidente de oro amarillo automático completo || nl: Rolex Day-Date 36 Presidente Geel Goud Automatisch Compleet || pl: Rolex Day-Date 36 Presidente z żółtego złota Automatyczny Kompletny
2	438404	 Rolex Datejust 41 41mm Ouro Rosé & Aço Jubilee Automático Completo 	12	0	pt:  Rolex Datejust 41 Ouro Rosé & Aço Jubilee Automático Completo  || de: Rolex Datejust 41 Roségold & Stahl Jubilee Automatik Vollständig || en: Rolex Datejust 41 Rose Gold & Steel Jubilee Automatic Complete || fr: Rolex Datejust 41 Or Rose & Acier Jubilee Automatique Complet || it: Rolex Datejust 41 Oro Rosa & Acciaio Jubilee Automatico Completo || tr: Rolex Datejust 41 Rose Altın & Çelik Jubilee Otomatik Tam || ja: ロレックスデイトジャスト41ローズゴールド＆スティールジュビリー自動巻き完全品 || cs: Rolex Datejust 41 růžové zlato a ocel Jubilee automatický plně || ru: Rolex Datejust 41 розовое золото и сталь Jubilee автоматический полный || es: Rolex Datejust 41 Oro Rosa y Acero Jubilee Automático Completo || nl: Rolex Datejust 41 Roze Goud & Staal Jubilee Automatisch Compleet || pl: Rolex Datejust 41 różowe złoto i stal Jubilee Automatyczny Kompletny
2	438515	 Vacheron Constantin Patrimony Fresh Service 04/2026 	11	0	de:  Vacheron Constantin Patrimony 7243  || en: Vacheron Constantin Patrimony 7243 || fr: Vacheron Constantin Patrimony 7243 || it: Vacheron Constantin Patrimony 7243 || tr: Vacheron Constantin Patrimony 7243 || ja: ヴァシュロン・コンスタンタン パトリモニー 7243 || cs: Vacheron Constantin Patrimony 7243 || ru: Vacheron Constantin Patrimony 7243 || es: Vacheron Constantin Patrimony 7243 || nl: Vacheron Constantin Patrimony 7243 || pl: Vacheron Constantin Patrimony 7243
2	438722	 Jaeger-LeCoultre Reverso Duoface Tribute Duoface Calendar - Calendar - GMT - 2 Dials - 3 Straps - Q3918420 2025 	11	0	de:  Jaeger-LeCoultre Reverso Duoface Tribute Duoface Calendar - Annual Calendar - GMT - 2 Dials - 3 Straps - Q3918420 2025  || en: Jaeger-LeCoultre Reverso Duoface Tribute Duoface Calendar - Annual Calendar - GMT - 2 Dials - 3 Straps - Q3918420 2025 || fr: Jaeger-LeCoultre Reverso Duoface Tribute Duoface Calendar - Calendrier annuel - GMT - 2 cadrans - 3 bracelets - Q3918420 2025 || it: Jaeger-LeCoultre Reverso Duoface Tribute Duoface Calendar - Calendario Annuale - GMT - 2 quadranti - 3 cinturini - Q3918420 2025 || tr: Jaeger-LeCoultre Reverso Duoface Tribute Duoface Takvimi - Yıllık Takvim - GMT - 2 Kadran - 3 Kayış - Q3918420 2025 || ja: ジャガー・ルクルト リバーサ・デュオフェース トリビュート デュオフェース カレンダー - 年次カレンダー - GMT - 2つのダイヤル - 3つのストラップ - Q3918420 2025 || cs: Jaeger-LeCoultre Reverso Duoface Tribute Duoface Calendar - Roční kalendář - GMT - 2 ciferníky - 3 řemínky - Q3918420 2025 || ru: Jaeger-LeCoultre Reverso Duoface Tribute Duoface Calendar - Годовой календарь - GMT - 2 циферблата - 3 ремешка - Q3918420 2025 || es: Jaeger-LeCoultre Reverso Duoface Tribute Duoface Calendar - Calendario anual - GMT - 2 esferas - 3 correas - Q3918420 2025 || nl: Jaeger-LeCoultre Reverso Duoface Tribute Duoface Calendar - Jaarlijkse Kalender - GMT - 2 Zetten - 3 Riemen - Q3918420 2025 || pl: Jaeger-LeCoultre Reverso Duoface Tribute Duoface Calendar - Kalendarz roczny - GMT - 2 tarcze - 3 paski - Q3918420 2025
2	438959	 Omega Seamaster Diver 300 M Chronograph 41 – 2599.80.00– good Condition – 06/2003 Full Set 	11	0	de:  Omega Seamaster Diver 300 M Chronograph 41 – 2599.80.00– like NEW – 06/2003 Full Set  || en: Omega Seamaster Diver 300 M Chronograph 41 – 2599.80.00– like NEW – 06/2003 Full Set || fr: Omega Seamaster Diver 300 M Chronograph 41 – 2599.80.00– comme NEUF – 06/2003 Ensemble complet || it: Omega Seamaster Diver 300 M Chronograph 41 – 2599.80.00– come NUOVO – 06/2003 Set completo || tr: Omega Seamaster Diver 300 M Chronograph 41 – 2599.80.00– YENİ GİBİ – 06/2003 Tam Set || ja: オメガシーマスターダイバー300 Mクロノグラフ41 – 2599.80.00– 新品同様 – 2003年6月 フルセット || cs: Omega Seamaster Diver 300 M Chronograph 41 – 2599.80.00– jako NOVÉ – 06/2003 Kompletní balení || ru: Omega Seamaster Diver 300 M Chronograph 41 – 2599.80.00– как новый – 06/2003 Полный комплект || es: Omega Seamaster Diver 300 M Cronógrafo 41 – 2599.80.00– como NUEVO – 06/2003 Juego completo || nl: Omega Seamaster Diver 300 M Chronograph 41 – 2599.80.00– als NIEUW – 06/2003 Compleet pakket || pl: Omega Seamaster Diver 300 M Chronograph 41 – 2599.80.00– jak NOWY – 06/2003 Pełny zestaw
3	154590	Astondoa 100 Century ASTONDOA 100 CENTURY	11	0	de: Astondoa Century 100 ASTONDOA 100 CENTURY || en: Astondoa Century 100 ASTONDOA 100 CENTURY || fr: Astondoa Century 100 ASTONDOA 100 CENTURY || it: Astondoa Century 100 ASTONDOA 100 CENTURY || tr: Astondoa Century 100 ASTONDOA 100 CENTURY || ja: アストンドア センチュリー 100 ASTONDOA 100 CENTURY || cs: Astondoa Century 100 ASTONDOA 100 CENTURY || ru: Astondoa Century 100 ASTONDOA 100 CENTURY || es: Astondoa Century 100 ASTONDOA 100 CENTURY || nl: Astondoa Century 100 ASTONDOA 100 CENTURY || pl: Astondoa Century 100 ASTONDOA 100 CENTURY
3	154876	Bénéteau Cyclades 50.5	11	0	de: kghlkhkkl || en: kghlkhkkl || fr: kghlkhkkl || it: kghlkhkkl || tr: kghlkhkkl || ja: kghlkhkkl || cs: kghlkhkkl || ru: kghlkhkkl || es: kghlkhkkl || nl: kghlkhkkl || pl: kghlkhkkl
4	26531	Luxusstrandvilla mit Swimmingpool, Terrasse und Meerblick - Seychellen - Hotelanbindung möglich	5	0	ro: Vila de lux pe plajă cu piscină, terasă și vedere la mare - Seychelles - posibilitate de conectare hotelieră || en: Luxury Beach Villa with Pool, Terrace, and Sea View - Seychelles - Hotel Access Possible || fr: Villa de luxe en bord de mer avec piscine, terrasse et vue sur la mer - Seychelles - Possibilité de connexion hôtelière || it: Villa di lusso con piscina, terrazza e vista mare - Seychelles - collegamento con hotel possibile || cs: Luxusní plážová vila s bazénem, terasou a výhledem na moře - Seychely - možnost hotelového propojení
4	32782	Einzigartige Stadtvilla in Toplage, Nähe Rochus Markt	11	0	de: Einzigartige Stadtvilla in Toplage, Nähe Kardinal-Nagl-Platz || en: Unique city villa in prime location, near Kardinal-Nagl-Platz || fr: Villa urbaine unique en son genre dans un emplacement privilégié, à proximité de la place Kardinal-Nagl || it: Villa urbana unica in posizione privilegiata, vicino a Kardinal-Nagl-Platz || tr: Benzersiz şehir villası, Kardinal-Nagl-Platz yakınında, en iyi konumda || ja: 一等地に位置するユニークなシティヴィラ、カルディナル・ナグル広場の近く || cs: Unikátní městský dům v top lokalitě, v blízkosti náměstí Kardinal-Nagl || ru: Уникальный городской особняк в отличном районе, недалеко от площади Кардинала-Нагля || es: Villa urbana única en una ubicación privilegiada, cerca de Kardinal-Nagl-Platz || nl: Unieke stadsvilla op toplocatie, nabij Kardinal-Nagl-Platz || pl: Unikalna willa miejska w doskonałej lokalizacji, w pobliżu placu Kardinal-Nagl
4	36797	Traumhafte Terrassenwohnung in nobler Grünruhelage direkt beim Weingarten	5	0	ro: Penthouse de lux cu vedere asupra Vienei în locație de top || en: Luxury Penthouse with Vienna View in Prime Location || fr: Penthouse de luxe avec vue sur Vienne en emplacement privilégié || it: Attico di lusso con vista su Vienna in posizione privilegiata || cs: Luxusní penthaus s výhledem na Vídeň na prestižní adrese
4	36804	Erdgeschosswohnung mit Pool und Blick auf das Meer	5	0	ro: Apartament de la parter cu piscină și vedere la mare || en: Ground Floor Apartment with Pool and Sea View || fr: Appartement au rez-de-chaussée avec piscine et vue sur la mer || it: Appartamento al piano terra con piscina e vista mare || cs: Přízemní byt s bazénem a výhledem na moře
4	36807	„Von Außen normal – von Innen ein Zuhause“ – 3 Zimmer zum Verlieben	12	0	ro: Vila de lux de cea mai înaltă clasă || de: Villa vom feinsten || en: Luxury Villa of the Highest Standard || fr: Villa de luxe exceptionnelle || it: Villa di lusso || tr: Kusursuz Villa || ja: 最高級のヴィラ || cs: Villa nejvyšší kategorie || ru: Вилла высшего класса || es: Villa de lujo exquisita || nl: Luxevilla van het hoogste niveau || pl: Willa najwyższej klasy
4	36824	Absolute TRAUMLAGE !! Ein Juwel im GRÜNEN ! Sonnig !	11	0	de: Die beste Villa der Stadt || en: The City's Finest Villa || fr: La meilleure villa de la ville || it: La migliore villa della città || tr: Şehrin En İyi Villa'sı || ja: 街で最高のヴィラ || cs: Nejlepší vila ve městě || ru: Лучшая вилла в городе || es: La mejor villa de la ciudad || nl: De mooiste villa van de stad || pl: Najlepsza willa w mieście
4	36825	Beeindruckende 5-Zimmer Dachterrassenwohnung im 6. Wiener Gemeindebezirk	12	0	ro: Apartament de vis în Viena || de: Traumwohnung in Wien  || en: Dream Apartment in Vienna || fr: Appartement de rêve à Vienne || it: Appartamento da sogno a Vienna || tr: Viyana'da Rüya Evi || ja: ウィーンの素敵な夢の住まい || cs: Snový byt ve Vídni || ru: Мечтающая квартира в Вене || es: Apartamento soñado en Viena || nl: Droomwoning in Wenen || pl: Wymarzone mieszkanie w Wiedniu
4	36942	Einfamilienhaus in Ruhelage Ihr neues Zuhause Kaufpreis Verhandelbar !	11	0	de: Einfamilienhaus in Ruhelage Ihr neues Zuhause ! || en: Single-family house in a quiet location Your new home! || fr: Maison individuelle dans un endroit calme, votre nouvelle maison ! || it: Casa unifamiliare in zona tranquilla Il vostro nuovo casa! || tr: Sessiz bir konumda tek ailelik eviniz! || ja: 静かな場所にある一戸建て住宅 あなたの新しい家！ || cs: Rodinný dům v klidné lokalitě Vaše nový domov ! || ru: Одноэтажный дом в тихом районе — ваш новый дом! || es: ¡Casa unifamiliar en una zona tranquila! ¡Tu nuevo hogar! || nl: Vrijstaand huis in rustige omgeving Uw nieuwe thuis! || pl: Dom jednorodzinny w spokojnej okolicy Twoje nowy dom!
4	37825	10 LUXUS-Apartments  - Jeden Tag ein Naturschauspiel	11	0	de: 10 LUXUS-Apartments in SCHLADMING - Jeden Tag ein Naturschauspiel || en: 10 LUXURY Apartments in SCHLADMING - A natural spectacle every day || fr: 10 appartements de luxe à SCHLADMING - Chaque jour un spectacle naturel || it: 10 appartamenti di lusso a Schladming - Ogni giorno uno spettacolo naturale || tr: SCHLADMING'de 10 LÜKS Daire - Her Gün Bir Doğa Manzarası || ja: シュラドミングの10の高級アパートメント - 毎日自然のショー || cs: 10 LUXUSNÍCH apartmánů ve SCHLADMING - Každý den přírodní divadlo || ru: 10 РОСКОШНЫХ апартаментов в Шладминге - каждый день природное шоу || es: 10 apartamentos de lujo en SCHLADMING - Cada día un espectáculo natural || nl: 10 LUXE-appartementen in SCHLADMING - Elke dag een natuurspektakel || pl: 10 LUKSUSOWYCH apartamentów w SCHLADMING - Codzienny spektakl natury
4	38041	AB SOFORT - Koffer packen und einziehen	11	0	de: LUXUS PUR- 3 Zimmer in Gröbming - ab sofort || en: LUXURY PURE - 3 rooms in Gröbming - available immediately || fr: LUXE PUR - 3 pièces à Gröbming - dès maintenant || it: LUSSO PUR - 3 camere a Gröbming - disponibile da subito || tr: LÜKSÜS SAF - Gröbming'de 3 oda - hemen şimdi || ja: ラグジュアリー純粋 - グローブミングの3部屋 - 今すぐ利用可能 || cs: LUXUS ČISTÝ - 3 pokoje v Gröbmingu - ihned k dispozici || ru: Роскошь в чистом виде - 3-комнатная квартира в Грёбминге - доступна немедленно || es: LUJO PUR- 3 habitaciones en Gröbming - a partir de ahora || nl: LUXE PUR - 3 kamers in Gröbming - vanaf nu || pl: CZYSTY LUKSUS - 3 pokoje w Gröbming - od zaraz
4	38258	Gartenwohnung 76m² im Zentrum von Seewalchen am Attersee.	11	0	de: Eigentumswohnung 76m² im Zentrum von Seewalchen am Attersee. || en: Condominium 76m² in the center of Seewalchen am Attersee. || fr: Appartement de 76 m² au centre de Seewalchen am Attersee. || it: Appartamento di proprietà di 76 m² nel centro di Seewalchen am Attersee. || tr: Seewalchen am Attersee merkezinde 76m²'lik bir daire. || ja: アッターゼーのセーヴァルヘン中心部にある76平方メートルの所有権付きアパートメント。 || cs: Byt 76 m² v centru Seewalchen am Attersee. || ru: Квартира площадью 76 м² в центре Зеевальхена на озере Атерзее. || es: Apartamento de 76 m² en el centro de Seewalchen am Attersee. || nl: Eigentumswohnung van 76m² in het centrum van Seewalchen am Attersee. || pl: Mieszkanie własnościowe o powierzchni 76 m² w centrum Seewalchen nad jeziorem Attersee.
4	38393	Skihütte & Gastgewerbebetrieb mit exklusiver Wohnmöglichkeit	11	0	de: Exklusiver Après-Ski & Gastgewerbebetrieb in Toplage an der Skipiste || en: Exclusive après-ski & hospitality business in prime location on the ski slope || fr: Exclusif après-ski & établissement hôtelier en emplacement privilégié sur la piste de ski || it: Attività esclusiva di après-ski e ospitalità in posizione privilegiata sulle piste da sci || tr: En iyi konumda kayak pistinde özel après-ski ve konaklama işletmesi || ja: スキー場のトップロケーションにあるエクスクルーシブなアプレスキー＆ホスピタリティ事業 || cs: Exkluzivní après-ski a pohostinství na špičkové lokalitě u sjezdovky || ru: Эксклюзивный après-ski и гостиничный бизнес в престижном месте у лыжной трассы || es: Exclusivo après-ski y negocio de hostelería en una ubicación privilegiada en la pista de esquí || nl: Exclusieve après-ski & horeca-onderneming op toplocatie aan de skipiste || pl: Ekskluzywne Après-Ski i działalność gastronomiczna w doskonałej lokalizacji przy stoku narciarskim
4	38751	Werkstatt (Tischlerei) und Wohnhaus Vöcklabruck/Dürnau – ideal für Unternehmer & Betriebsnachfolge	11	0	de: Gewerbliche Liegenschaft mit Produktionsbetrieb (Tischlerei) und Wohnhaus Vöcklabruck/Dürnau – ideal für Unternehmer & Betriebsnachfolge || en: Commercial property with a production facility (carpentry) and residential house Vöcklabruck/Dürnau – ideal for entrepreneurs & business succession || fr: Propriété commerciale avec activité de production (menuiserie) et maison d'habitation Vöcklabruck/Dürnau – idéal pour les entrepreneurs & la succession d'entreprise || it: Immobile commerciale con attività produttiva (falegnameria) e abitazione Vöcklabruck/Dürnau – ideale per imprenditori e successione aziendale || tr: Vöcklabruck/Dürnau'da üretim tesisi (marangozhane) ve konut ile ticari mülk - girişimciler ve işletme devri için ideal || ja: 商業用不動産（製材所を含む生産施設）と住宅 Vöcklabruck / Dürnau – 起業家や事業継承に理想的 || cs: Obchodní nemovitost s výrobním provozem (truhlářství) a obytným domem Vöcklabruck/Dürnau – ideální pro podnikatele a převzetí podniku || ru: Коммерческая недвижимость с производственным предприятием (столярная мастерская) и жилым домом в Вёкклабруке/Дюрнау – идеально подходит для предпринимателей и передачи бизнеса || es: Propiedad comercial con operación de producción (carpintería) y casa residencial Vöcklabruck/Dürnau – ideal para empresarios y sucesión empresarial || nl: Commercieel onroerend goed met productiebedrijf (timmerwerk) en woonhuis Vöcklabruck/Dürnau – ideaal voor ondernemers & bedrijfsopvolging || pl: Nieruchomość komercyjna z zakładem produkcyjnym (stolarnia) i domem mieszkalnym Vöcklabruck/Dürnau – idealna dla przedsiębiorców i kontynuacji działalności
4	39082	Exklusive 4–5 Zimmer Neubau-Gartenwohnung mit großer Terrasse – Erstbezug in Baden bei Wien | Ideal für Familien & Anleger	11	0	de: Großzügige Neubauwohnung mit Terrasse und Garten in Baden – Erstbezug | Familien & Anleger || en: Spacious new-build apartment with terrace and garden in Baden – First occupancy | Families & Investors || fr: Appartement neuf spacieux avec terrasse et jardin à Baden – Première occupation | Familles & investisseurs || it: Ampia nuova costruzione con terrazza e giardino a Baden – Prima occupazione | Famiglie & Investitori || tr: Baden'de Teras ve Bahçeli Cömert Yeni Yapı Dairesi – İlk Kez Kullanım | Aileler ve Yatırımcılar || ja: バーデンのテラスと庭のある広々とした新築アパートメント – 初入居 | ファミリー＆投資家向け || cs: Velkorysý nový byt s terasou a zahradou v Baden – první obsazení | Rodiny a investoři || ru: Щедрая новая квартира с террасой и садом в Бадене – первый заселение | Для семей и инвесторов || es: Amplio apartamento de nueva construcción con terraza y jardín en Baden – Primera ocupación | Familias e inversores || nl: Ruime nieuwbouwwoning met terras en tuin in Baden – Eerste bewoning | Gezinnen & Investeerders || pl: Harmonijnie nowoczesne mieszkanie w nowym budynku z tarasem i ogrodem w Baden – pierwszy najem | Rodziny i inwestorzy
6	2	NULL	11	0	de: Luxusurlaub im 5-Sterne-Superior Wellnessresort BEI SCHUMANN || en: Luxury vacation at the 5-star superior wellness resort NEAR SCHUMANN || fr: Vacances de luxe dans le centre de bien-être 5 étoiles supérieur CHEZ SCHUMANN || it: Vacanza di lusso nel resort benessere 5 stelle superior vicino a Schumann || tr: Schumann'da 5 Yıldızlı Süperior Wellness Resort'ta Lüks Tatil || ja: シューマンの5つ星スーペリアウェルネスリゾートでのラグジュアリーな休暇 || cs: Luxusní dovolená v 5hvězdičkovém superior wellness resortu U SCHUMANN || ru: Роскошный отпуск в 5-звездочном супериор-спа-отеле у Шуманна || es: Vacaciones de lujo en el resort de bienestar superior de 5 estrellas CERCA DE SCHUMANN || nl: Luxe vakantie in het 5-sterren-superior wellnessresort BIJ SCHUMANN || pl: Luksusowy urlop w 5-gwiazdkowym hotelu wellness superior BEI SCHUMANN
